{"paths": {"admin/js/vendor/select2/i18n/af.js": "admin/js/vendor/select2/i18n/af.4f6fcd73488c.js", "admin/js/vendor/select2/i18n/ar.js": "admin/js/vendor/select2/i18n/ar.65aa8e36bf5d.js", "admin/js/vendor/select2/i18n/az.js": "admin/js/vendor/select2/i18n/az.270c257daf81.js", "admin/js/vendor/select2/i18n/bg.js": "admin/js/vendor/select2/i18n/bg.39b8be30d4f0.js", "admin/js/vendor/select2/i18n/bn.js": "admin/js/vendor/select2/i18n/bn.6d42b4dd5665.js", "admin/js/vendor/select2/i18n/bs.js": "admin/js/vendor/select2/i18n/bs.91624382358e.js", "admin/js/vendor/select2/i18n/ca.js": "admin/js/vendor/select2/i18n/ca.a166b745933a.js", "admin/js/vendor/select2/i18n/cs.js": "admin/js/vendor/select2/i18n/cs.4f43e8e7d33a.js", "admin/js/vendor/select2/i18n/da.js": "admin/js/vendor/select2/i18n/da.766346afe4dd.js", "admin/js/vendor/select2/i18n/de.js": "admin/js/vendor/select2/i18n/de.8a1c222b0204.js", "admin/js/vendor/select2/i18n/dsb.js": "admin/js/vendor/select2/i18n/dsb.56372c92d2f1.js", "admin/js/vendor/select2/i18n/el.js": "admin/js/vendor/select2/i18n/el.27097f071856.js", "admin/js/vendor/select2/i18n/en.js": "admin/js/vendor/select2/i18n/en.cf932ba09a98.js", "admin/js/vendor/select2/i18n/es.js": "admin/js/vendor/select2/i18n/es.66dbc2652fb1.js", "admin/js/vendor/select2/i18n/et.js": "admin/js/vendor/select2/i18n/et.2b96fd98289d.js", "admin/js/vendor/select2/i18n/eu.js": "admin/js/vendor/select2/i18n/eu.adfe5c97b72c.js", "admin/js/vendor/select2/i18n/fa.js": "admin/js/vendor/select2/i18n/fa.3b5bd1961cfd.js", "admin/js/vendor/select2/i18n/fi.js": "admin/js/vendor/select2/i18n/fi.614ec42aa9ba.js", "admin/js/vendor/select2/i18n/fr.js": "admin/js/vendor/select2/i18n/fr.05e0542fcfe6.js", "admin/js/vendor/select2/i18n/gl.js": "admin/js/vendor/select2/i18n/gl.d99b1fedaa86.js", "admin/js/vendor/select2/i18n/he.js": "admin/js/vendor/select2/i18n/he.e420ff6cd3ed.js", "admin/js/vendor/select2/i18n/hi.js": "admin/js/vendor/select2/i18n/hi.70640d41628f.js", "admin/js/vendor/select2/i18n/hr.js": "admin/js/vendor/select2/i18n/hr.a2b092cc1147.js", "admin/js/vendor/select2/i18n/hsb.js": "admin/js/vendor/select2/i18n/hsb.fa3b55265efe.js", "admin/js/vendor/select2/i18n/hu.js": "admin/js/vendor/select2/i18n/hu.6ec6039cb8a3.js", "admin/js/vendor/select2/i18n/hy.js": "admin/js/vendor/select2/i18n/hy.c7babaeef5a6.js", "admin/js/vendor/select2/i18n/id.js": "admin/js/vendor/select2/i18n/id.04debded514d.js", "admin/js/vendor/select2/i18n/is.js": "admin/js/vendor/select2/i18n/is.3ddd9a6a97e9.js", "admin/js/vendor/select2/i18n/it.js": "admin/js/vendor/select2/i18n/it.be4fe8d365b5.js", "admin/js/vendor/select2/i18n/ja.js": "admin/js/vendor/select2/i18n/ja.170ae885d74f.js", "admin/js/vendor/select2/i18n/ka.js": "admin/js/vendor/select2/i18n/ka.2083264a54f0.js", "admin/js/vendor/select2/i18n/km.js": "admin/js/vendor/select2/i18n/km.c23089cb06ca.js", "admin/js/vendor/select2/i18n/ko.js": "admin/js/vendor/select2/i18n/ko.e7be6c20e673.js", "admin/js/vendor/select2/i18n/lt.js": "admin/js/vendor/select2/i18n/lt.23c7ce903300.js", "admin/js/vendor/select2/i18n/lv.js": "admin/js/vendor/select2/i18n/lv.08e62128eac1.js", "admin/js/vendor/select2/i18n/mk.js": "admin/js/vendor/select2/i18n/mk.dabbb9087130.js", "admin/js/vendor/select2/i18n/ms.js": "admin/js/vendor/select2/i18n/ms.4ba82c9a51ce.js", "admin/js/vendor/select2/i18n/nb.js": "admin/js/vendor/select2/i18n/nb.da2fce143f27.js", "admin/js/vendor/select2/i18n/ne.js": "admin/js/vendor/select2/i18n/ne.3d79fd3f08db.js", "admin/js/vendor/select2/i18n/nl.js": "admin/js/vendor/select2/i18n/nl.997868a37ed8.js", "admin/js/vendor/select2/i18n/pl.js": "admin/js/vendor/select2/i18n/pl.6031b4f16452.js", "admin/js/vendor/select2/i18n/ps.js": "admin/js/vendor/select2/i18n/ps.38dfa47af9e0.js", "admin/js/vendor/select2/i18n/pt-BR.js": "admin/js/vendor/select2/i18n/pt-BR.e1b294433e7f.js", "admin/js/vendor/select2/i18n/pt.js": "admin/js/vendor/select2/i18n/pt.33b4a3b44d43.js", "admin/js/vendor/select2/i18n/ro.js": "admin/js/vendor/select2/i18n/ro.f75cb460ec3b.js", "admin/js/vendor/select2/i18n/ru.js": "admin/js/vendor/select2/i18n/ru.934aa95f5b5f.js", "admin/js/vendor/select2/i18n/sk.js": "admin/js/vendor/select2/i18n/sk.33d02cef8d11.js", "admin/js/vendor/select2/i18n/sl.js": "admin/js/vendor/select2/i18n/sl.131a78bc0752.js", "admin/js/vendor/select2/i18n/sq.js": "admin/js/vendor/select2/i18n/sq.5636b60d29c9.js", "admin/js/vendor/select2/i18n/sr-Cyrl.js": "admin/js/vendor/select2/i18n/sr-Cyrl.f254bb8c4c7c.js", "admin/js/vendor/select2/i18n/sr.js": "admin/js/vendor/select2/i18n/sr.5ed85a48f483.js", "admin/js/vendor/select2/i18n/sv.js": "admin/js/vendor/select2/i18n/sv.7a9c2f71e777.js", "admin/js/vendor/select2/i18n/th.js": "admin/js/vendor/select2/i18n/th.f38c20b0221b.js", "admin/js/vendor/select2/i18n/tk.js": "admin/js/vendor/select2/i18n/tk.7c572a68c78f.js", "admin/js/vendor/select2/i18n/tr.js": "admin/js/vendor/select2/i18n/tr.b5a0643d1545.js", "admin/js/vendor/select2/i18n/uk.js": "admin/js/vendor/select2/i18n/uk.8cede7f4803c.js", "admin/js/vendor/select2/i18n/vi.js": "admin/js/vendor/select2/i18n/vi.097a5b75b3e1.js", "admin/js/vendor/select2/i18n/zh-CN.js": "admin/js/vendor/select2/i18n/zh-CN.2cff662ec5f9.js", "admin/js/vendor/select2/i18n/zh-TW.js": "admin/js/vendor/select2/i18n/zh-TW.04554a227c2b.js", "admin/css/vendor/select2/LICENSE-SELECT2.md": "admin/css/vendor/select2/LICENSE-SELECT2.f94142512c91.md", "admin/css/vendor/select2/select2.css": "admin/css/vendor/select2/select2.a2194c262648.css", "admin/css/vendor/select2/select2.min.css": "admin/css/vendor/select2/select2.min.9f54e6414f87.css", "admin/js/vendor/jquery/jquery.js": "admin/js/vendor/jquery/jquery.2849239b95f5.js", "admin/js/vendor/jquery/jquery.min.js": "admin/js/vendor/jquery/jquery.min.8fb8fee4fcc3.js", "admin/js/vendor/jquery/LICENSE.txt": "admin/js/vendor/jquery/LICENSE.de877aa6d744.txt", "admin/js/vendor/select2/LICENSE.md": "admin/js/vendor/select2/LICENSE.f94142512c91.md", "admin/js/vendor/select2/select2.full.js": "admin/js/vendor/select2/select2.full.c2afdeda3058.js", "admin/js/vendor/select2/select2.full.min.js": "admin/js/vendor/select2/select2.full.min.fcd7500d8e13.js", "admin/js/vendor/xregexp/LICENSE.txt": "admin/js/vendor/xregexp/LICENSE.bf79e414957a.txt", "admin/js/vendor/xregexp/xregexp.js": "admin/js/vendor/xregexp/xregexp.efda034b9537.js", "admin/js/vendor/xregexp/xregexp.min.js": "admin/js/vendor/xregexp/xregexp.min.b0439563a5d3.js", "jazzmin/plugins/bootstrap-show-modal/bootstrap-show-modal.min.js": "jazzmin/plugins/bootstrap-show-modal/bootstrap-show-modal.min.ccb42b054814.js", "vendor/adminlte/css/adminlte.min.css": "vendor/adminlte/css/adminlte.min.3761431942d1.css", "vendor/adminlte/css/adminlte.min.css.map": "vendor/adminlte/css/adminlte.min.css.913b65a84402.map", "vendor/adminlte/img/AdminLTELogo.png": "vendor/adminlte/img/AdminLTELogo.ca1dcf584d75.png", "vendor/adminlte/img/icons.png": "vendor/adminlte/img/icons.cd1c5909cd09.png", "vendor/adminlte/img/user2-160x160.jpg": "vendor/adminlte/img/user2-160x160.abda1de5001b.jpg", "vendor/adminlte/js/adminlte.min.js": "vendor/adminlte/js/adminlte.min.f3266ba33fca.js", "vendor/adminlte/js/adminlte.min.js.map": "vendor/adminlte/js/adminlte.min.js.6bffd73625d6.map", "vendor/bootstrap/js/bootstrap.min.js": "vendor/bootstrap/js/bootstrap.min.9dcd9b21766b.js", "vendor/bootstrap/js/bootstrap.min.js.map": "vendor/bootstrap/js/bootstrap.min.js.88b1b3454b97.map", "vendor/bootswatch/cerulean/bootstrap.min.css": "vendor/bootswatch/cerulean/bootstrap.min.3c8c23470f53.css", "vendor/bootswatch/cosmo/bootstrap.min.css": "vendor/bootswatch/cosmo/bootstrap.min.039ad78474a5.css", "vendor/bootswatch/cyborg/bootstrap.min.css": "vendor/bootswatch/cyborg/bootstrap.min.ce3f719cb63e.css", "vendor/bootswatch/darkly/bootstrap.min.css": "vendor/bootswatch/darkly/bootstrap.min.7c535026a93a.css", "vendor/bootswatch/default/bootstrap.min.css": "vendor/bootswatch/default/bootstrap.min.d44328cee87c.css", "vendor/bootswatch/flatly/bootstrap.min.css": "vendor/bootswatch/flatly/bootstrap.min.41d7fde23c9d.css", "vendor/bootswatch/journal/bootstrap.min.css": "vendor/bootswatch/journal/bootstrap.min.b9da48eb0f1d.css", "vendor/bootswatch/litera/bootstrap.min.css": "vendor/bootswatch/litera/bootstrap.min.3f3f2f85980d.css", "vendor/bootswatch/lumen/bootstrap.min.css": "vendor/bootswatch/lumen/bootstrap.min.c7dc4dd8e294.css", "vendor/bootswatch/lux/bootstrap.min.css": "vendor/bootswatch/lux/bootstrap.min.8de413fffc37.css", "vendor/bootswatch/materia/bootstrap.min.css": "vendor/bootswatch/materia/bootstrap.min.9a68e649ed05.css", "vendor/bootswatch/minty/bootstrap.min.css": "vendor/bootswatch/minty/bootstrap.min.b239dbb9e5e6.css", "vendor/bootswatch/pulse/bootstrap.min.css": "vendor/bootswatch/pulse/bootstrap.min.f9c9fa299f5e.css", "vendor/bootswatch/sandstone/bootstrap.min.css": "vendor/bootswatch/sandstone/bootstrap.min.7d1f1c61d89e.css", "vendor/bootswatch/simplex/bootstrap.min.css": "vendor/bootswatch/simplex/bootstrap.min.9e236a0b5e00.css", "vendor/bootswatch/sketchy/bootstrap.min.css": "vendor/bootswatch/sketchy/bootstrap.min.88c6e4095583.css", "vendor/bootswatch/slate/bootstrap.min.css": "vendor/bootswatch/slate/bootstrap.min.ae15f595b05c.css", "vendor/bootswatch/solar/bootstrap.min.css": "vendor/bootswatch/solar/bootstrap.min.198ef0d13070.css", "vendor/bootswatch/spacelab/bootstrap.min.css": "vendor/bootswatch/spacelab/bootstrap.min.e97aa0d03017.css", "vendor/bootswatch/superhero/bootstrap.min.css": "vendor/bootswatch/superhero/bootstrap.min.6f5599014a4d.css", "vendor/bootswatch/united/bootstrap.min.css": "vendor/bootswatch/united/bootstrap.min.4aac1238791f.css", "vendor/bootswatch/yeti/bootstrap.min.css": "vendor/bootswatch/yeti/bootstrap.min.18b640625a6a.css", "vendor/fontawesome-free/css/all.min.css": "vendor/fontawesome-free/css/all.min.b7739c263f52.css", "vendor/fontawesome-free/webfonts/fa-brands-400.eot": "vendor/fontawesome-free/webfonts/fa-brands-400.30cc681d4487.eot", "vendor/fontawesome-free/webfonts/fa-brands-400.svg": "vendor/fontawesome-free/webfonts/fa-brands-400.ba7ed552362f.svg", "vendor/fontawesome-free/webfonts/fa-brands-400.ttf": "vendor/fontawesome-free/webfonts/fa-brands-400.3b89dd103490.ttf", "vendor/fontawesome-free/webfonts/fa-brands-400.woff": "vendor/fontawesome-free/webfonts/fa-brands-400.099a9556e1a6.woff", "vendor/fontawesome-free/webfonts/fa-brands-400.woff2": "vendor/fontawesome-free/webfonts/fa-brands-400.f7307680c7fe.woff2", "vendor/fontawesome-free/webfonts/fa-regular-400.eot": "vendor/fontawesome-free/webfonts/fa-regular-400.7630483dd4b0.eot", "vendor/fontawesome-free/webfonts/fa-regular-400.svg": "vendor/fontawesome-free/webfonts/fa-regular-400.0bb428459c8e.svg", "vendor/fontawesome-free/webfonts/fa-regular-400.ttf": "vendor/fontawesome-free/webfonts/fa-regular-400.1f77739ca9ff.ttf", "vendor/fontawesome-free/webfonts/fa-regular-400.woff": "vendor/fontawesome-free/webfonts/fa-regular-400.7124eb50fc82.woff", "vendor/fontawesome-free/webfonts/fa-regular-400.woff2": "vendor/fontawesome-free/webfonts/fa-regular-400.f0f823011699.woff2", "vendor/fontawesome-free/webfonts/fa-solid-900.eot": "vendor/fontawesome-free/webfonts/fa-solid-900.1042e8ca1ce8.eot", "vendor/fontawesome-free/webfonts/fa-solid-900.svg": "vendor/fontawesome-free/webfonts/fa-solid-900.376c1f97f655.svg", "vendor/fontawesome-free/webfonts/fa-solid-900.ttf": "vendor/fontawesome-free/webfonts/fa-solid-900.605ed7926cf3.ttf", "vendor/fontawesome-free/webfonts/fa-solid-900.woff": "vendor/fontawesome-free/webfonts/fa-solid-900.9fe5a17c8ab0.woff", "vendor/fontawesome-free/webfonts/fa-solid-900.woff2": "vendor/fontawesome-free/webfonts/fa-solid-900.e8a427e15cc5.woff2", "vendor/select2/css/select2.min.css": "vendor/select2/css/select2.min.e71c39430469.css", "vendor/select2/js/select2.min.js": "vendor/select2/js/select2.min.3e6e33cd306b.js", "admin/img/gis/move_vertex_off.svg": "admin/img/gis/move_vertex_off.7a23bf31ef8a.svg", "admin/img/gis/move_vertex_on.svg": "admin/img/gis/move_vertex_on.0047eba25b67.svg", "admin/js/admin/DateTimeShortcuts.js": "admin/js/admin/DateTimeShortcuts.5548f99471bf.js", "admin/js/admin/RelatedObjectLookups.js": "admin/js/admin/RelatedObjectLookups.b4d76b6aaf0b.js", "admin/js/cancel.js": "admin/js/cancel.8367e564ac40.js", "admin/js/popup_response.js": "admin/js/popup_response.57687437bf60.js", "jazzmin/css/main.css": "jazzmin/css/main.dd209fb3adf2.css", "jazzmin/img/calendar-icons.svg": "jazzmin/img/calendar-icons.39b290681a8b.svg", "jazzmin/img/default-log.svg": "jazzmin/img/default-log.5f716e688936.svg", "jazzmin/img/default.jpg": "jazzmin/img/default.eafc49f5f1b4.jpg", "jazzmin/img/icon-calendar.svg": "jazzmin/img/icon-calendar.ac7aea671bea.svg", "jazzmin/img/icon-changelink.svg": "jazzmin/img/icon-changelink.18d2fd706348.svg", "jazzmin/img/selector-icons.svg": "jazzmin/img/selector-icons.b4555096cea2.svg", "jazzmin/js/change_form.js": "jazzmin/js/change_form.8cf4826e9353.js", "jazzmin/js/change_list.js": "jazzmin/js/change_list.b0f208e3b5af.js", "jazzmin/js/main.js": "jazzmin/js/main.0fba0e4b9cc4.js", "jazzmin/js/related-modal.js": "jazzmin/js/related-modal.de3109c39eaf.js", "jazzmin/js/ui-builder.js": "jazzmin/js/ui-builder.aceb68a42987.js", "admin/css/autocomplete.css": "admin/css/autocomplete.4a81fc4242d0.css", "admin/css/base.css": "admin/css/base.1f418065fc2c.css", "admin/css/changelists.css": "admin/css/changelists.cd4dd90ae1a1.css", "admin/css/dashboard.css": "admin/css/dashboard.be83f13e4369.css", "admin/css/fonts.css": "admin/css/fonts.168bab448fee.css", "admin/css/forms.css": "admin/css/forms.332ab41432e2.css", "admin/css/login.css": "admin/css/login.8b76a9f7cbf6.css", "admin/css/nav_sidebar.css": "admin/css/nav_sidebar.e32d345464bd.css", "admin/css/responsive.css": "admin/css/responsive.b9e1565b3609.css", "admin/css/responsive_rtl.css": "admin/css/responsive_rtl.e13ae754cceb.css", "admin/css/rtl.css": "admin/css/rtl.4bc23eb90919.css", "admin/css/widgets.css": "admin/css/widgets.694d845b2cb1.css", "admin/fonts/LICENSE.txt": "admin/fonts/LICENSE.d273d63619c9.txt", "admin/fonts/README.txt": "admin/fonts/README.ab99e6b541ea.txt", "admin/fonts/Roboto-Bold-webfont.woff": "admin/fonts/Roboto-Bold-webfont.50d75e48e0a3.woff", "admin/fonts/Roboto-Light-webfont.woff": "admin/fonts/Roboto-Light-webfont.c73eb1ceba33.woff", "admin/fonts/Roboto-Regular-webfont.woff": "admin/fonts/Roboto-Regular-webfont.35b07eb2f871.woff", "admin/img/calendar-icons.svg": "admin/img/calendar-icons.39b290681a8b.svg", "admin/img/icon-addlink.svg": "admin/img/icon-addlink.d519b3bab011.svg", "admin/img/icon-alert.svg": "admin/img/icon-alert.034cc7d8a67f.svg", "admin/img/icon-calendar.svg": "admin/img/icon-calendar.ac7aea671bea.svg", "admin/img/icon-changelink.svg": "admin/img/icon-changelink.18d2fd706348.svg", "admin/img/icon-clock.svg": "admin/img/icon-clock.e1d4dfac3f2b.svg", "admin/img/icon-deletelink.svg": "admin/img/icon-deletelink.564ef9dc3854.svg", "admin/img/icon-no.svg": "admin/img/icon-no.439e821418cd.svg", "admin/img/icon-unknown-alt.svg": "admin/img/icon-unknown-alt.81536e128bb6.svg", "admin/img/icon-unknown.svg": "admin/img/icon-unknown.a18cb4398978.svg", "admin/img/icon-viewlink.svg": "admin/img/icon-viewlink.41eb31f7826e.svg", "admin/img/icon-yes.svg": "admin/img/icon-yes.d2f9f035226a.svg", "admin/img/inline-delete.svg": "admin/img/inline-delete.fec1b761f254.svg", "admin/img/LICENSE": "admin/img/LICENSE.2c54f4e1ca1c", "admin/img/README.txt": "admin/img/README.a70711a38d87.txt", "admin/img/search.svg": "admin/img/search.7cf54ff789c6.svg", "admin/img/selector-icons.svg": "admin/img/selector-icons.b4555096cea2.svg", "admin/img/sorting-icons.svg": "admin/img/sorting-icons.3a097b59f104.svg", "admin/img/tooltag-add.svg": "admin/img/tooltag-add.e59d620a9742.svg", "admin/img/tooltag-arrowright.svg": "admin/img/tooltag-arrowright.bbfb788a849e.svg", "admin/js/actions.js": "admin/js/actions.eac7e3441574.js", "admin/js/autocomplete.js": "admin/js/autocomplete.c508b167ab61.js", "admin/js/calendar.js": "admin/js/calendar.f8a5d055eb33.js", "admin/js/change_form.js": "admin/js/change_form.9d8ca4f96b75.js", "admin/js/collapse.js": "admin/js/collapse.f84e7410290f.js", "admin/js/core.js": "admin/js/core.5d6b384a08b5.js", "admin/js/inlines.js": "admin/js/inlines.fb1617228dbe.js", "admin/js/jquery.init.js": "admin/js/jquery.init.b7781a0897fc.js", "admin/js/nav_sidebar.js": "admin/js/nav_sidebar.3535caba9444.js", "admin/js/prepopulate.js": "admin/js/prepopulate.bd2361dfd64d.js", "admin/js/prepopulate_init.js": "admin/js/prepopulate_init.e056047b7a7e.js", "admin/js/SelectBox.js": "admin/js/SelectBox.8161741c7647.js", "admin/js/SelectFilter2.js": "admin/js/SelectFilter2.d250dcb52a9a.js", "admin/js/urlify.js": "admin/js/urlify.25cc3eac8123.js", "css/base.css": "css/base.cd4f98f8f604.css", "images/airnb.png": "images/airnb.3dfa734ce71c.png", "images/amazon.png": "images/amazon.8469d6acf59f.png", "images/favicon.ico": "images/favicon.0eb6a3e58fb0.ico", "images/fb.png": "images/fb.97f971637d38.png", "images/feedback.jpg": "images/feedback.5671e05a9dac.jpg", "images/google.png": "images/google.7368c32b95c0.png", "images/home-bg.jpg": "images/home-bg.1752af7eb928.jpg", "images/icon.ico": "images/icon.1ccb9f47b0c3.ico", "images/insta.png": "images/insta.2457321050ec.png", "images/JobPortal-logos.jpeg": "images/JobPortal-logos.4a2b9d473968.jpeg", "images/JobPortal-logos_black.png": "images/JobPortal-logos_black.836c3e3fd097.png", "images/JobPortal-logos_transparent.png": "images/JobPortal-logos_transparent.2828fc0a4032.png", "images/logo.png": "images/logo.84fe111be6c6.png", "images/nav-logo.png": "images/nav-logo.e2437a3ab43b.png", "images/netflix.png": "images/netflix.692348a669ab.png", "images/recruiterRegister.jpg": "images/recruiterRegister.cf81edbacbab.jpg", "images/spotify.png": "images/spotify.a5bd55286d09.png", "images/uber.png": "images/uber.8c4601a73b1d.png"}, "version": "1.0"}